11,Supplier#000000011       ,"JfwTs,LZrV, M,9C",18,28-613-996-1505,3393.08,y ironic packages. slyly ironic accounts affix furiously; ironically unusual excuses across the flu
124,Supplier#000000124       ,vmVadCZ xHPbQQA2fLxr68T1YhmjVSuRUJKCrcq6,8,18-313-889-3713,-941.38,ular excuses after the fluffily pending pinto 
340,Supplier#000000340       ,Pk5F9dPqsa3k16I3UR282gY,22,32-849-350-3343,5001.23,along the packages. blithely final foxes cajole. unusua
460,Supplier#000000460       ,"lGEBJPLJaDwOhZpc7DQMY,PTUEv6BVBUsOGK0oF",20,30-851-458-4942,7619.85,ar theodolites use carefully about
480,Supplier#000000480       ,"q8,LH5UQiP3Tv60slOsFzX,HM0JPcwM0rD7eg d",14,24-645-644-2970,2927.68,ular deposits according to the furiously even asymptotes use among the bold deposits. quickly
566,Supplier#000000566       ,"hBRvnhCUVIiXQK6dyAZYN,TNZItOlBvsVYCisb,O",24,34-396-766-5348,7705.73,rs! special packages cajole-- furiously final packages maintain slyly around the blithely spe
596,Supplier#000000596       ,caTnKVKTsCHNEVi1xVPD,4,14-761-106-2656,1180.93,its sleep. carefully unusual somas use furiously above the
653,Supplier#000000653       ,IK8OvngBYI1zh9bbK0vLThzVvk7F69hxytOmq,17,27-391-635-2412,9584.63,ar foxes cajole about the quietly final pinto beans. ex
691,Supplier#000000691       ,"XU1STWHllW5I5Rw9X,jsZi7X7M 4",12,22-930-512-3497,4239.95,to beans nag around the careful accounts. ideas integrate: daringly ironic pack
724,Supplier#000000724       ,P92abZ6rWSfO2cm,18,28-471-255-1476,4696.62,ly final accounts use carefully
744,Supplier#000000744       ,5NKuw5W4mFDMQBbUjUO4k kfokG8yvAe,3,13-573-977-6527,5699.09,ular accounts. blithely ironic th
886,Supplier#000000886       ,"R52IgT6b0yBuU r8,dNRZVWRY",1,11-329-720-1904,-158.08,ts during the blithely silent packages c
1077,Supplier#000001077       ,Uty1fYWj2tt8 1aE5 SwPe2BvdSZjYrMixasTH8,15,25-195-244-3146,5587.72,theodolites are carefully around the blithely ironic foxes. bold platelets impress furiously at the 
1113,Supplier#000001113       ,",NCWfNrXfNY7x7U4mKbA8V7ZIByJel7eWveJF",15,25-564-930-6336,5843.59,thely bold accounts wake blithely theodolites. unusual accounts are after the 
1430,Supplier#000001430       ,"H7JZy,Px156gtqkfZGSK4PzX8ciU",12,22-190-359-2449,7025.12,eposits are across the furiously regular ideas. blithely pending p
1616,Supplier#000001616       ,uT6XNcLkO6ZETegNRj0QWIm,14,24-729-958-9586,988.66,uctions. quickly even theodolites use carefully regul
1642,Supplier#000001642       ,cnOSXV9ehy3u8soGk9P3KHhXNzcT,14,24-426-583-5934,3129.69,gularly regular instructions. carefully re
1674,Supplier#000001674       ,nepm7O58V97AD,18,28-893-890-1902,340.14,riously ironic deposits. carefully ironic packages about the fina
1726,Supplier#000001726       ,TeRY7TtTH24sEword7yAaSkjx8,3,13-630-597-4070,-751.93,ly alongside of the daringly iron
1775,Supplier#000001775       ,"a6Rpe337dA eJQl9RJZeWga0XtFv7em,3ci89",12,22-193-554-4479,923.43,ously bold accounts. fluffily pending pinto beans
1889,Supplier#000001889       ,eK1A7NhlGccTJw78wxR T,19,29-122-640-8760,264.01,olites believe blithely fluffily bold excuses. 
2017,Supplier#000002017       ,5X3irJUk8 SA0E6RokqWc06wX9,1,11-940-342-7501,6990.21,y final deposits hang. blithe instructions boost from the pl
2082,Supplier#000002082       ,7v7kwZySU297XEFptPDGuBh,16,26-179-265-4597,-664.94,dolites. carefully final accounts amon
2102,Supplier#000002102       ,1kuyUn5q6czLOGB60fAVgpv68M2suwchpmp2nK,11,21-367-198-9930,7910.16, accounts after the blithely
2540,Supplier#000002540       ,fpd9A3WsslyUkKypgdpVs69,20,30-301-816-1967,1958.59,"ly blithely regular requests. pending, unusual accounts across the regular dependenc"
2615,Supplier#000002615       ,MiGmjZy93D,20,30-285-851-2800,1047.61,. pending packages haggle furiously atop the regular
2652,Supplier#000002652       ,fAzRSsQ6VnxRSosL7aO7YqSBbHt5 ,4,14-882-858-2723,4366.99, requests. carefully even ideas a
2757,Supplier#000002757       ,CaERkgKvPpr4LVD7voAskre1t8mzOHd 47mHT,9,19-959-961-5223,1085.89,ggle blithely. regular accounts 
2769,Supplier#000002769       ,7QXYQHHuMvIkDPVwCi9jvD1TH,13,23-312-807-5269,7704.51,ackages cajole carefully. pending instructions se
2791,Supplier#000002791       ,qN7ZlkL2KHGHsX,10,20-951-419-1791,6468.16,across the deposits. blithely 
2820,Supplier#000002820       ,Fmb9hufE41cerFFf2DiGF6yfDSe157Koz6S,7,17-358-908-6872,6475.21,Customer Complaintshe slyly
2953,Supplier#000002953       ,"TepT5BpdFsnZT grAXI7,x51O",16,26-118-226-8835,3955.99,usly final requests integrate carefully regular accounts. carefully pending ideas haggle aft
3091,Supplier#000003091       ,JNPFRBSLdD4DksRyryH7eaF51aut2QCYp9p4,14,24-781-138-5146,3530.16,. platelets sleep carefully ironic asymptotes. blithely express depths cajole
3103,Supplier#000003103       ,"r7vLesukWuV32ZGgbffKoPiqaopP3,IG",5,15-501-459-3317,8990.62,unts. dolphins after the furiously regular request
3292,Supplier#000003292       ,rdZxuvAOnGA5TGTgAZlaor Ah7pd1xqVUz4V7nYL,0,10-298-132-2236,6974.88,ng the blithely even packages. fluffily final foxes wake slyly despite the ir
3300,Supplier#000003300       ,ZbcbYHYoI5fRIRieYU1vUzVq,13,23-941-280-4033,8025.6,ly express asymptotes cajole quickly among the slyly even theodolites. accounts aff
3516,Supplier#000003516       ,",SQUAz8ZNT g",17,27-431-841-3625,3495.8,"xpress, pending requests boost slyly. blithely quiet accounts cajole ca"
3668,Supplier#000003668       ,U7HrMSGbwuwLC,17,27-539-572-9175,9826.53,". regular, regular warhorses wake carefully silent accounts. slyly unusual"
3707,Supplier#000003707       ,"E y,Bok1gTKqdaSdnA9",21,31-834-669-3387,2202.16,ound the bold asymptotes: quietly regular accounts use idly along the ironic in
3806,Supplier#000003806       ,n ElQaZan8EZ42YVVtEHmFlLYwKw8xcY,20,30-636-160-7336,8777.4,e quickly since the quick
3936,Supplier#000003936       ,"QCBRQcSyomEn7G78pdsb3o,0",23,33-442-349-3167,4997.79,"s sleep excuses. regular, special accounts after the platelets cajole "
4010,Supplier#000004010       ,hzXpAwbeH0D,12,22-191-309-4339,8772.78,deposits. final deposits wake furious
4048,Supplier#000004048       ,uM4A1WUm8K3f2SW2hWGMS6Qo6lvqyy34mqWrB0,9,19-579-815-4694,6112.6,cing accounts about the sl
4396,Supplier#000004396       ,aMZxdgerFmYRUivN6bot9FucS,17,27-397-965-9509,2894.13,"nal, thin packages nag quickly bold, even p"
4479,Supplier#000004479       ,"ukMOheLNsNsdikC8Z3V,pzIDD07",12,22-337-564-1555,6420.74,ckly blithely even requests. fluffily regular foxes sleep. slyly final requests nag. carefully 
4596,Supplier#000004596       ,"ZTq,wSuzJJ6qXC3vu DJ",13,23-786-524-8317,5788.66,egular waters was among the final packages. asymptotes nod fluffily blithely unusual deposi
4944,Supplier#000004944       ,",eN75B9Wo,VoklFVVnt4",11,21-660-312-1204,2254.53," wake carefully regular packages. special, final "
5364,Supplier#000005364       ,"JQv2kRDiSrNNy,kXc2aWl",1,11-883-386-6571,8871.48, forges; carefully final accounts mold? iro
5565,Supplier#000005565       ,RPRbABmHFcRGvAvq,10,20-459-844-4016,8991.91,ual accounts play requests-- carefully ironic ideas alongside of the quickly ironic
5644,Supplier#000005644       ,yUwPvIdzGnIhyHITqmtaiVEFxLe7 8e,1,11-976-815-6424,3675.69, across the accounts haggle quickly bold accounts. pe
5684,Supplier#000005684       ,0MzZnU nyISeotsC4A6CpCqMLIOr4,0,10-253-929-1245,2296.42,luffily bold foxes about the fluffily ironic decoys
5847,Supplier#000005847       ,obol3bfh0zWi,11,21-530-950-2847,9796.31,equests. blithely regular deposits should have to impress. final platelets integrate fluffily 
5885,Supplier#000005885       ,OCHwRDJ6B4ddVLNuNu5aGQloABT0frKScM35s,9,19-371-647-9423,-568.75,inally bold requests nag fluffily boldly
5894,Supplier#000005894       ,"x,96zxP3FAMchh8yAIWJq",0,10-621-434-6822,7902.62,across the busy grouches. bold pack
217,Supplier#000000217       ,UVrZj7M2mMd7JLjbc tvFmQad14d1oid,15,25-113-702-9259,3084.6,arefully final accounts. slyly even ideas haggle along
356,Supplier#000000356       ,"Lefi6RDDtvaVXqvhlbMuUrVm45oJbtkZM,Mup",11,21-198-523-7929,397.74,carefully blithely ironic excuses. enticingly blithe packages along the attainments haggle carefu
487,Supplier#000000487       ,"BvDBcJa,jQPslM",5,15-551-730-1265,2124.86,"ly about the requests. accounts could use blithely? furiously pending accounts nag regular, even ide"
814,Supplier#000000814       ,GWytN8Vx0IWzB8BByw6thupbonInepu,15,25-147-738-5484,-468.26,accounts. blithely final accounts haggle carefully special instruc
944,Supplier#000000944       ,tUVVFs351nHm,13,23-452-536-7876,7776.86,pinto beans. quickly express requests haggle
1060,Supplier#000001060       ,0D46fGOyD3nAIccLgHmuW v1p0N,15,25-445-428-9650,5771.63,ending instructions according to the slyly ironic theodolites nag against the blit
1116,Supplier#000001116       ,0or65bKUZqty,4,14-523-628-1676,-737.92, the final platelets. regular
1138,Supplier#000001138       ,cgnz432oKyPA0g7Y26bYorMwHFjbki pjALkt,18,28-977-762-5445,-825.98,ages cajole carefully except the packages; fluffily ironic re
1260,Supplier#000001260       ,D9vpfn0l3JdOg1HD,9,19-431-553-8802,-550.54,ts sleep furiously. slyly even 
1427,Supplier#000001427       ,"ouHXuQHr3lURlvT2w, Jb6NvP7rNs6dlG",21,31-437-708-4779,7838.91,ole against the silently final deposits. blithely pending
1512,Supplier#000001512       ,YXuyZTLmJh,23,33-670-389-3311,8622.55,slyly bold requests against the carefully express deposits use furiously slyly final
1612,Supplier#000001612       ,79DAQCPIgHZ,2,12-797-511-5255,1175.4, after the furiously pending instructions. ironic ideas integrate carefu
1730,Supplier#000001730       ,"Rc8e,1Pybn r6zo0VJIEiD0UD vhk",3,13-788-703-6101,8712.72, pending ideas are carefully furiously unusual asymptotes. express packag
1981,Supplier#000001981       ,Q9YktbRu7FxixQiaT1U ,10,20-705-553-6657,7086.42,"ach. regular, special packages along the furiously final pinto beans snooze furiously r"
1984,Supplier#000001984       ,"M,EWRY6BhH",24,34-298-901-5740,1026.27,"even asymptotes wake above the final, regular deposits. slyly permanent packages along the instru"
1989,Supplier#000001989       ,u3dxCM57G0E,10,20-346-853-5153,-224.35,ackages. express courts above the slyly
2060,Supplier#000002060       ,sr8M4zsrs23IzGSuq8IfVlrXkJm,16,26-246-351-1423,9624.51,s platelets use. blithely regular
2393,Supplier#000002393       ,e2CEFKZR9lLgj5gE7g5wxu5c33HcNqv,18,28-728-930-3521,3122.78,ording to the final requests. reg
2419,Supplier#000002419       ,qydBQd14I5l5mVXa4fYY,3,13-362-261-8296,2080.92,alongside of the dependencies. theodolites affix deposits. boldly regular packages sleep against t
2495,Supplier#000002495       ,"vrphcM,ZHHiQqjpiSqGVL9Erw",13,23-606-503-8431,3277.78,the requests! carefully even accounts snooze bl
2665,Supplier#000002665       ,1syLhsDCzxCiGXgfvycJDSSPu1yIW,17,27-345-362-4570,2051.01,l packages alongside of the regular accounts are slyly 
3055,Supplier#000003055       ,hIK4aKsmc jZgrCSUk6EyGArXqBa4,18,28-422-347-4948,5898.52,ets. bold dolphins haggle regular dolphins. furiously express reques
3222,Supplier#000003222       ,"MdTV1w, 0dU3uNi,geP3Wkce7ut87wSKMZLIQeVQ",12,22-574-453-1097,5685.44,yly unusual requests hinder furiously fluffy requests. quick
3246,Supplier#000003246       ,3YNoAfDXHi,14,24-150-403-2751,4427.79,en ideas was furiously aga
3466,Supplier#000003466       ,uiveU6ODVbwZYKjJFBXpZ7reVEr7Qx,10,20-682-993-7524,-477.87,dolites are furiously ironic packages! excus
3650,Supplier#000003650       ,WM38VVLFoqc2g648vFs5tNfpF3J71ccG,5,15-534-720-9698,6688.42,ress deposits. fluffily even ideas are: slyly regular braids play slyly into the regular ideas. sly
3818,Supplier#000003818       ,KD65BupNh6SuX9EFebFNWoO,21,31-883-696-8085,5737.32," deposits. regular, silent packages are quie"
3886,Supplier#000003886       ,"c,VP75QAJqi ig1gNOWsxXdsuZQbi4ZJ5 3",24,34-418-995-7074,6965.13,oggedly bold instructions. thin accounts e
3900,Supplier#000003900       ,CD6mwylfDc2CrjrEKzSbK9LbGEC9irn,24,34-833-259-2802,6176.45,riously final packages. dependencies wake quickly. regular deposits sleep furiou
3916,Supplier#000003916       ,"80e d7a,oyePPMfCAW AhGe",1,11-405-825-7031,7977.2,e blithely ironic accounts. even dugouts detect slyly-- unusual accounts sleep slyly. unusua
4026,Supplier#000004026       ,I692fFGW Wyp5QvrFLsI6K,11,21-477-196-7874,2367.75,arefully since the grouches. slyly final pinto beans nag instead of the regular 
4029,Supplier#000004029       ,dSCJo3zeBWOvlROaMg729Vq415d,8,18-351-791-5430,6518.82,"sias after the unusual, unusual forges haggle throughout the furiously regula"
4107,Supplier#000004107       ,a5szQnHbzIbBIjNk,18,28-449-573-5038,1288.34,ccounts. furiously pending requests wake quickly across the sauternes. furiously enticing 
4115,Supplier#000004115       ,"QSr7SNEvD1e6hgM,",6,16-858-156-8401,2718,"ckages wake quickly ironic instructions. ironic, special platele"
4166,Supplier#000004166       ,dEGlhdQfTkadp,22,32-753-533-6531,4696.43,". carefully special accounts sleep slyly special, final pinto beans. quickly regular excuses "
4186,Supplier#000004186       ,"WKrQMVh5a7rutLDNkvce,H6RMnSeqS6",17,27-979-270-8037,8428.99,re slyly about the blithely final packages. fluffily bold foxes was 
4316,Supplier#000004316       ,oxFbp0mxb65wkxW PMeG2HvYQlEx,17,27-161-639-8691,1892.88,nts wake. quickly ironic deposits are. carefully final ideas sleep among the fl
4380,Supplier#000004380       ,9rwEeXKO1RPtKXk4CVkrd0CGhVR fjeqbovCf,2,12-142-846-2401,1923.06,hockey players wake furiously above the carefully slow deposits. even accounts nag acr
4633,Supplier#000004633       ,2qnzswVOnbyY52qQtwGrNZSqZfU7z38m5JXR4OY,24,34-331-859-3951,8207.35,"ep blithely according to the theodolites. final, regular accounts cajole blithely along th"
4644,Supplier#000004644       ,kcQP0AmNXMKM6bilcGwy0vKJNvqOSgVuH,2,12-644-122-5089,7408.47,"ncies need to haggle bravely above the pending, even asymptotes. packages haggle fluffi"
4875,Supplier#000004875       ,aKTNw5GBhjjiU2P,14,24-441-521-5755,3538.04,into beans. fluffily caref
4969,Supplier#000004969       ,HdteuyoPpBVg,11,21-770-588-6089,187.5,ptotes. carefully regular requests since the slyly furious accounts are above the blithely ironic in
4974,Supplier#000004974       ,"u9v3n,dHDk8,8P9JuSzrZOwZCwIJqhXeIw",15,25-290-158-5290,1910.03,ld packages. requests about the blithely 
5004,Supplier#000005004       ,qqvcCZJed1FncoUJ5mo0dIOgU7zzVHP,20,30-428-595-9706,3721.34,iously regular packages haggle slyly carefully final ideas. furiously e
5102,Supplier#000005102       ,",i2pqfh6F 32nkGqSpHK6DyXQKCcEIHZjMtjbLQ0",24,34-504-244-1037,7814.88,ntegrate blithely special dependencies. foxes cajole blithely expres
5105,Supplier#000005105       ,"oTiURFggd0r,1EoqSN9,P7NcAqJuZ",12,22-456-148-7985,3804,"p around the express ideas. regular, express dependencies are. even"